{"stats":{"minecraft:mined":{"minecraft:oak_door":1,"minecraft:clay":1,"minecraft:grass_block":144,"minecraft:poppy":1,"minecraft:jungle_log":8,"minecraft:cobblestone":3,"minecraft:spruce_leaves":27,"minecraft:oak_planks":3,"minecraft:spruce_stairs":16,"minecraft:spruce_log":32,"minecraft:stone_brick_stairs":3,"minecraft:grass":2,"minecraft:dirt_path":2,"minecraft:oak_log":194,"minecraft:vine":8,"minecraft:oak_stairs":2,"minecraft:dirt":102,"minecraft:stone":93,"minecraft:stone_bricks":1,"minecraft:oak_leaves":14,"minecraft:fern":1},"minecraft:crafted":{"minecraft:oak_planks":348,"minecraft:spruce_planks":128,"minecraft:cooked_chicken":1,"minecraft:stone":24,"minecraft:spruce_stairs":84,"minecraft:stone_brick_stairs":36,"minecraft:stick":132,"minecraft:oak_stairs":4,"minecraft:oak_fence":27},"minecraft:killed":{"minecraft:skeleton":1,"minecraft:drowned":3},"minecraft:custom":{"minecraft:interact_with_furnace":9,"minecraft:mob_kills":4,"minecraft:interact_with_crafting_table":17,"minecraft:leave_game":1,"minecraft:time_since_death":8580,"minecraft:sleep_in_bed":4,"minecraft:time_since_rest":8698,"minecraft:sprint_one_cm":133719,"minecraft:damage_taken":1185,"minecraft:walk_one_cm":449252,"minecraft:drop":11,"minecraft:damage_dealt":806,"minecraft:fly_one_cm":24788,"minecraft:open_chest":14,"minecraft:play_time":89922,"minecraft:deaths":2,"minecraft:walk_under_water_one_cm":1600,"minecraft:jump":687,"minecraft:walk_on_water_one_cm":3003,"minecraft:total_world_time":89922,"minecraft:fall_one_cm":13293},"minecraft:dropped":{"minecraft:wheat_seeds":1,"minecraft:feather":2,"minecraft:rotten_flesh":2,"minecraft:dirt":128,"minecraft:golden_carrot":8,"minecraft:arrow":6},"minecraft:picked_up":{"minecraft:iron_chestplate":1,"minecraft:feather":2,"minecraft:chicken":2,"minecraft:golden_carrot":26,"minecraft:clay_ball":4,"minecraft:jungle_log":6,"minecraft:oak_stairs":4,"minecraft:stone_brick_stairs":19,"minecraft:oak_log":328,"minecraft:gunpowder":1,"minecraft:dirt":491,"minecraft:iron_leggings":1,"minecraft:stone_bricks":4,"minecraft:wheat_seeds":1,"minecraft:spruce_planks":2,"minecraft:stone_pickaxe":1,"minecraft:poppy":1,"minecraft:iron_pickaxe":1,"minecraft:sugar_cane":4,"minecraft:iron_sword":1,"minecraft:oak_planks":35,"minecraft:stick":72,"minecraft:oak_door":1,"minecraft:copper_ingot":2,"minecraft:oak_fence":2,"minecraft:spruce_stairs":35,"minecraft:spruce_sapling":5,"minecraft:spruce_log":32,"minecraft:diamond_shovel":1,"minecraft:stone_sword":1,"minecraft:sugar":1,"minecraft:arrow":6,"minecraft:rotten_flesh":2,"minecraft:stone_shovel":2,"minecraft:diamond":1,"minecraft:stone_axe":2,"minecraft:diamond_axe":1,"minecraft:yellow_terracotta":3,"minecraft:terracotta":2,"minecraft:oak_sapling":6,"minecraft:cobblestone":67},"minecraft:killed_by":{"minecraft:skeleton":2},"minecraft:used":{"minecraft:oak_fence":25,"minecraft:stone_sword":25,"minecraft:oak_planks":35,"minecraft:diamond_axe":293,"minecraft:cooked_chicken":6,"minecraft:dirt":107,"minecraft:spruce_stairs":80,"minecraft:apple":1,"minecraft:diamond_shovel":260,"minecraft:oak_stairs":4,"minecraft:iron_pickaxe":102,"minecraft:spruce_sapling":5,"minecraft:stone_brick_stairs":23,"minecraft:stone_bricks":1,"minecraft:stone_axe":1,"minecraft:golden_carrot":1,"minecraft:cobblestone":18,"minecraft:cooked_beef":2}},"DataVersion":3465}