{"stats":{"minecraft:crafted":{"minecraft:oak_planks":92,"minecraft:stone_brick_stairs":36,"minecraft:spruce_stairs":84,"minecraft:spruce_planks":128,"minecraft:stick":4,"minecraft:oak_stairs":4,"minecraft:oak_fence":27},"minecraft:mined":{"minecraft:spruce_stairs":16,"minecraft:spruce_log":32,"minecraft:stone_brick_stairs":3,"minecraft:clay":1,"minecraft:grass":1,"minecraft:grass_block":141,"minecraft:dirt_path":1,"minecraft:oak_stairs":2,"minecraft:dirt":96,"minecraft:cobblestone":2,"minecraft:spruce_leaves":27,"minecraft:stone":93,"minecraft:oak_planks":3},"minecraft:custom":{"minecraft:time_since_rest":39227,"minecraft:interact_with_furnace":2,"minecraft:sprint_one_cm":64458,"minecraft:damage_taken":474,"minecraft:walk_one_cm":259895,"minecraft:drop":7,"minecraft:damage_dealt":26,"minecraft:interact_with_crafting_table":10,"minecraft:fly_one_cm":16126,"minecraft:open_chest":5,"minecraft:play_time":53922,"minecraft:walk_under_water_one_cm":1600,"minecraft:jump":443,"minecraft:leave_game":1,"minecraft:time_since_death":53922,"minecraft:walk_on_water_one_cm":3003,"minecraft:sleep_in_bed":2,"minecraft:total_world_time":53922,"minecraft:fall_one_cm":10435},"minecraft:dropped":{"minecraft:dirt":128,"minecraft:wheat_seeds":1,"minecraft:golden_carrot":8,"minecraft:feather":2},"minecraft:picked_up":{"minecraft:stick":2,"minecraft:feather":2,"minecraft:chicken":1,"minecraft:golden_carrot":17,"minecraft:clay_ball":4,"minecraft:spruce_stairs":12,"minecraft:oak_stairs":2,"minecraft:stone_brick_stairs":3,"minecraft:spruce_sapling":5,"minecraft:spruce_log":32,"minecraft:dirt":291,"minecraft:sugar":1,"minecraft:wheat_seeds":1,"minecraft:sugar_cane":2,"minecraft:oak_planks":3,"minecraft:cobblestone":66},"minecraft:used":{"minecraft:oak_fence":25,"minecraft:diamond_shovel":251,"minecraft:oak_stairs":4,"minecraft:iron_pickaxe":100,"minecraft:oak_planks":35,"minecraft:spruce_sapling":5,"minecraft:diamond_axe":60,"minecraft:stone_brick_stairs":23,"minecraft:cooked_chicken":4,"minecraft:dirt":101,"minecraft:cobblestone":16,"minecraft:spruce_stairs":80,"minecraft:cooked_beef":2}},"DataVersion":3465}