{"stats":{"minecraft:mined":{"minecraft:oak_door":1,"minecraft:clay":1,"minecraft:torch":4,"minecraft:grass_block":144,"minecraft:poppy":1,"minecraft:jungle_log":8,"minecraft:cobblestone":3,"minecraft:spruce_leaves":27,"minecraft:oak_planks":3,"minecraft:spruce_stairs":16,"minecraft:spruce_log":32,"minecraft:stripped_oak_wood":2,"minecraft:pumpkin":32,"minecraft:stone_brick_stairs":3,"minecraft:grass":16,"minecraft:dirt_path":2,"minecraft:oak_log":194,"minecraft:vine":8,"minecraft:oak_stairs":2,"minecraft:dirt":103,"minecraft:stone":93,"minecraft:stone_bricks":1,"minecraft:oak_leaves":14,"minecraft:fern":1},"minecraft:crafted":{"minecraft:cooked_beef":2,"minecraft:oak_planks":348,"minecraft:cooked_porkchop":3,"minecraft:spruce_planks":128,"minecraft:cooked_chicken":1,"minecraft:stone":24,"minecraft:cooked_mutton":7,"minecraft:spruce_stairs":84,"minecraft:stone_brick_stairs":36,"minecraft:stick":132,"minecraft:chest":2,"minecraft:oak_stairs":4,"minecraft:torch":52,"minecraft:oak_fence":27},"minecraft:killed":{"minecraft:pig":1,"minecraft:skeleton":1,"minecraft:drowned":3,"minecraft:cow":6},"minecraft:custom":{"minecraft:interact_with_furnace":19,"minecraft:mob_kills":11,"minecraft:interact_with_crafting_table":20,"minecraft:leave_game":1,"minecraft:time_since_death":4957,"minecraft:sleep_in_bed":7,"minecraft:time_since_rest":2656,"minecraft:sprint_one_cm":207000,"minecraft:damage_taken":1656,"minecraft:walk_one_cm":559140,"minecraft:drop":12,"minecraft:damage_dealt":1599,"minecraft:fly_one_cm":43203,"minecraft:open_chest":27,"minecraft:play_time":113922,"minecraft:deaths":4,"minecraft:walk_under_water_one_cm":1600,"minecraft:jump":952,"minecraft:walk_on_water_one_cm":3421,"minecraft:total_world_time":113922,"minecraft:fall_one_cm":17262},"minecraft:dropped":{"minecraft:wheat_seeds":1,"minecraft:feather":2,"minecraft:rotten_flesh":2,"minecraft:dirt":128,"minecraft:golden_carrot":8,"minecraft:arrow":6,"minecraft:stripped_oak_wood":1},"minecraft:picked_up":{"minecraft:iron_chestplate":3,"minecraft:feather":2,"minecraft:cooked_beef":2,"minecraft:chicken":2,"minecraft:golden_carrot":42,"minecraft:clay_ball":4,"minecraft:jungle_log":6,"minecraft:leather":11,"minecraft:diamond_sword":2,"minecraft:oak_stairs":4,"minecraft:stone_brick_stairs":19,"minecraft:oak_log":354,"minecraft:gunpowder":1,"minecraft:dirt":747,"minecraft:iron_leggings":3,"minecraft:cooked_mutton":6,"minecraft:bone":2,"minecraft:stone_bricks":4,"minecraft:wheat_seeds":7,"minecraft:spruce_planks":2,"minecraft:beef":24,"minecraft:stone_pickaxe":3,"minecraft:cooked_chicken":1,"minecraft:stripped_oak_wood":1,"minecraft:poppy":1,"minecraft:iron_pickaxe":3,"minecraft:sugar_cane":4,"minecraft:iron_sword":3,"minecraft:oak_planks":35,"minecraft:stick":328,"minecraft:cooked_porkchop":3,"minecraft:pumpkin":64,"minecraft:oak_door":1,"minecraft:copper_ingot":2,"minecraft:oak_fence":2,"minecraft:torch":111,"minecraft:spruce_stairs":35,"minecraft:porkchop":3,"minecraft:spruce_sapling":5,"minecraft:spruce_log":32,"minecraft:spider_eye":2,"minecraft:diamond_shovel":3,"minecraft:stone_sword":3,"minecraft:sugar":1,"minecraft:arrow":6,"minecraft:rotten_flesh":2,"minecraft:stone_shovel":6,"minecraft:diamond":1,"minecraft:stone_axe":6,"minecraft:diamond_axe":3,"minecraft:yellow_terracotta":3,"minecraft:terracotta":2,"minecraft:oak_sapling":6,"minecraft:cobblestone":67},"minecraft:killed_by":{"minecraft:skeleton":2,"minecraft:creeper":1,"minecraft:spider":1},"minecraft:used":{"minecraft:oak_fence":25,"minecraft:cooked_mutton":1,"minecraft:stone_sword":25,"minecraft:oak_planks":35,"minecraft:chest":1,"minecraft:iron_sword":4,"minecraft:diamond_axe":293,"minecraft:cooked_chicken":7,"minecraft:torch":3,"minecraft:dirt":112,"minecraft:spruce_stairs":80,"minecraft:apple":1,"minecraft:diamond_shovel":260,"minecraft:oak_stairs":4,"minecraft:iron_pickaxe":102,"minecraft:spruce_sapling":5,"minecraft:diamond_sword":25,"minecraft:stone_brick_stairs":23,"minecraft:stone_bricks":1,"minecraft:stone_axe":45,"minecraft:golden_carrot":1,"minecraft:cobblestone":18,"minecraft:cooked_beef":2}},"DataVersion":3465}