{"stats":{"minecraft:mined":{"minecraft:white_bed":1,"minecraft:oak_door":2,"minecraft:oak_fence":2,"minecraft:crafting_table":1,"minecraft:clay":1,"minecraft:torch":4,"minecraft:grass_block":144,"minecraft:spruce_fence":2,"minecraft:poppy":1,"minecraft:chest":2,"minecraft:jungle_log":8,"minecraft:cobblestone":3,"minecraft:spruce_leaves":27,"minecraft:oak_planks":3,"minecraft:wall_torch":1,"minecraft:spruce_stairs":16,"minecraft:carrots":27,"minecraft:furnace":1,"minecraft:spruce_log":32,"minecraft:stripped_oak_wood":2,"minecraft:pumpkin":32,"minecraft:stone_brick_stairs":3,"minecraft:grass":16,"minecraft:dirt_path":2,"minecraft:oak_log":194,"minecraft:vine":8,"minecraft:oak_stairs":2,"minecraft:dirt":103,"minecraft:spruce_fence_gate":2,"minecraft:stone":93,"minecraft:stone_bricks":1,"minecraft:oak_leaves":14,"minecraft:tripwire":1,"minecraft:fern":1},"minecraft:crafted":{"minecraft:cooked_beef":13,"minecraft:oak_planks":348,"minecraft:cooked_porkchop":3,"minecraft:spruce_planks":128,"minecraft:cooked_chicken":1,"minecraft:stone":24,"minecraft:cooked_mutton":7,"minecraft:spruce_stairs":84,"minecraft:stone_brick_stairs":36,"minecraft:stick":132,"minecraft:chest":2,"minecraft:oak_stairs":4,"minecraft:torch":52,"minecraft:oak_fence":27},"minecraft:killed":{"minecraft:pig":1,"minecraft:skeleton":1,"minecraft:zombie":1,"minecraft:drowned":3,"minecraft:cow":6},"minecraft:custom":{"minecraft:interact_with_furnace":26,"minecraft:mob_kills":12,"minecraft:interact_with_crafting_table":22,"minecraft:leave_game":1,"minecraft:time_since_death":5019,"minecraft:sleep_in_bed":8,"minecraft:time_since_rest":2279,"minecraft:sprint_one_cm":245353,"minecraft:damage_taken":2085,"minecraft:walk_one_cm":656477,"minecraft:drop":16,"minecraft:damage_dealt":1917,"minecraft:fly_one_cm":47820,"minecraft:open_chest":46,"minecraft:play_time":131922,"minecraft:deaths":5,"minecraft:walk_under_water_one_cm":1600,"minecraft:jump":1139,"minecraft:walk_on_water_one_cm":3421,"minecraft:total_world_time":131922,"minecraft:fall_one_cm":19167},"minecraft:dropped":{"minecraft:oak_door":1,"minecraft:wheat_seeds":1,"minecraft:feather":2,"minecraft:rotten_flesh":2,"minecraft:spruce_fence_gate":2,"minecraft:dirt":128,"minecraft:golden_carrot":8,"minecraft:arrow":6,"minecraft:stripped_oak_wood":1,"minecraft:bone":1},"minecraft:picked_up":{"minecraft:crafting_table":1,"minecraft:iron_chestplate":4,"minecraft:feather":2,"minecraft:cooked_beef":15,"minecraft:chicken":2,"minecraft:golden_carrot":50,"minecraft:clay_ball":4,"minecraft:jungle_log":6,"minecraft:leather":19,"minecraft:diamond_sword":3,"minecraft:oak_stairs":4,"minecraft:stone_brick_stairs":19,"minecraft:oak_log":354,"minecraft:shield":1,"minecraft:gunpowder":1,"minecraft:dirt":873,"minecraft:iron_leggings":4,"minecraft:cooked_mutton":9,"minecraft:bone":2,"minecraft:stone_bricks":4,"minecraft:wheat_seeds":10,"minecraft:spruce_planks":2,"minecraft:beef":24,"minecraft:stone_pickaxe":4,"minecraft:cooked_chicken":1,"minecraft:stripped_oak_wood":1,"minecraft:poppy":1,"minecraft:iron_pickaxe":4,"minecraft:sugar_cane":4,"minecraft:chest":2,"minecraft:iron_sword":4,"minecraft:oak_planks":89,"minecraft:furnace":2,"minecraft:stick":456,"minecraft:cooked_porkchop":6,"minecraft:pumpkin":64,"minecraft:oak_door":2,"minecraft:copper_ingot":2,"minecraft:oak_fence":4,"minecraft:torch":169,"minecraft:spruce_stairs":35,"minecraft:porkchop":3,"minecraft:spruce_sapling":5,"minecraft:carrot":10,"minecraft:white_bed":1,"minecraft:spruce_log":32,"minecraft:spruce_fence_gate":2,"minecraft:spider_eye":3,"minecraft:diamond_shovel":4,"minecraft:stone_sword":4,"minecraft:sugar":1,"minecraft:arrow":6,"minecraft:rotten_flesh":6,"minecraft:stone_shovel":8,"minecraft:diamond":1,"minecraft:stone_axe":7,"minecraft:diamond_axe":4,"minecraft:yellow_terracotta":3,"minecraft:terracotta":2,"minecraft:oak_sapling":6,"minecraft:cobblestone":67},"minecraft:broken":{"minecraft:stone_axe":1},"minecraft:killed_by":{"minecraft:skeleton":2,"minecraft:creeper":1,"minecraft:spider":1,"minecraft:zombie":1},"minecraft:used":{"minecraft:wheat_seeds":3,"minecraft:oak_fence":27,"minecraft:cooked_mutton":4,"minecraft:stone_sword":25,"minecraft:oak_planks":35,"minecraft:chest":4,"minecraft:iron_sword":4,"minecraft:diamond_axe":301,"minecraft:cooked_chicken":7,"minecraft:torch":3,"minecraft:dirt":113,"minecraft:crafting_table":1,"minecraft:carrot":9,"minecraft:spruce_stairs":80,"minecraft:white_bed":1,"minecraft:apple":1,"minecraft:diamond_shovel":260,"minecraft:oak_stairs":4,"minecraft:iron_pickaxe":112,"minecraft:spruce_sapling":5,"minecraft:diamond_sword":27,"minecraft:stone_brick_stairs":23,"minecraft:stone_bricks":1,"minecraft:stone_axe":69,"minecraft:golden_carrot":1,"minecraft:cobblestone":18,"minecraft:furnace":1,"minecraft:cooked_beef":2}},"DataVersion":3465}