{"stats":{"minecraft:crafted":{"minecraft:oak_planks":92,"minecraft:stone_brick_stairs":36,"minecraft:spruce_stairs":84,"minecraft:spruce_planks":128,"minecraft:stick":4,"minecraft:oak_stairs":4,"minecraft:oak_fence":27},"minecraft:mined":{"minecraft:spruce_stairs":16,"minecraft:spruce_log":32,"minecraft:stone_brick_stairs":3,"minecraft:clay":1,"minecraft:grass":2,"minecraft:grass_block":141,"minecraft:oak_log":86,"minecraft:dirt_path":1,"minecraft:oak_stairs":2,"minecraft:dirt":96,"minecraft:cobblestone":3,"minecraft:spruce_leaves":27,"minecraft:stone_bricks":1,"minecraft:stone":93,"minecraft:oak_planks":3,"minecraft:oak_leaves":4},"minecraft:custom":{"minecraft:time_since_rest":7521,"minecraft:interact_with_furnace":6,"minecraft:sprint_one_cm":97138,"minecraft:damage_taken":474,"minecraft:walk_one_cm":329170,"minecraft:drop":8,"minecraft:damage_dealt":26,"minecraft:interact_with_crafting_table":11,"minecraft:fly_one_cm":20543,"minecraft:open_chest":5,"minecraft:play_time":65922,"minecraft:walk_under_water_one_cm":1600,"minecraft:jump":539,"minecraft:leave_game":1,"minecraft:time_since_death":65922,"minecraft:walk_on_water_one_cm":3003,"minecraft:sleep_in_bed":3,"minecraft:total_world_time":65922,"minecraft:fall_one_cm":12341},"minecraft:dropped":{"minecraft:dirt":128,"minecraft:wheat_seeds":1,"minecraft:golden_carrot":8,"minecraft:feather":2,"minecraft:arrow":3},"minecraft:picked_up":{"minecraft:stick":5,"minecraft:feather":2,"minecraft:chicken":1,"minecraft:golden_carrot":17,"minecraft:clay_ball":4,"minecraft:spruce_stairs":12,"minecraft:oak_stairs":2,"minecraft:stone_brick_stairs":3,"minecraft:oak_log":71,"minecraft:spruce_sapling":5,"minecraft:spruce_log":32,"minecraft:dirt":291,"minecraft:arrow":4,"minecraft:stone_bricks":1,"minecraft:sugar":1,"minecraft:wheat_seeds":1,"minecraft:oak_sapling":5,"minecraft:sugar_cane":2,"minecraft:oak_planks":3,"minecraft:cobblestone":67},"minecraft:used":{"minecraft:oak_fence":25,"minecraft:diamond_shovel":251,"minecraft:oak_stairs":4,"minecraft:iron_pickaxe":102,"minecraft:oak_planks":35,"minecraft:stone_bricks":1,"minecraft:spruce_sapling":5,"minecraft:diamond_axe":151,"minecraft:stone_brick_stairs":23,"minecraft:cooked_chicken":6,"minecraft:dirt":101,"minecraft:cobblestone":18,"minecraft:spruce_stairs":80,"minecraft:cooked_beef":2}},"DataVersion":3465}