{"stats":{"minecraft:crafted":{"minecraft:oak_planks":92,"minecraft:spruce_stairs":84,"minecraft:spruce_planks":128,"minecraft:stick":4,"minecraft:oak_stairs":4,"minecraft:oak_fence":27},"minecraft:mined":{"minecraft:spruce_stairs":5,"minecraft:spruce_log":32,"minecraft:clay":1,"minecraft:grass_block":141,"minecraft:dirt":72,"minecraft:cobblestone":2,"minecraft:spruce_leaves":27,"minecraft:oak_planks":3},"minecraft:custom":{"minecraft:time_since_rest":27227,"minecraft:interact_with_furnace":2,"minecraft:sprint_one_cm":61894,"minecraft:damage_taken":342,"minecraft:walk_one_cm":199935,"minecraft:drop":5,"minecraft:damage_dealt":14,"minecraft:interact_with_crafting_table":8,"minecraft:fly_one_cm":15962,"minecraft:open_chest":3,"minecraft:play_time":41922,"minecraft:walk_under_water_one_cm":1600,"minecraft:jump":367,"minecraft:leave_game":1,"minecraft:time_since_death":41922,"minecraft:walk_on_water_one_cm":3003,"minecraft:sleep_in_bed":2,"minecraft:total_world_time":41922,"minecraft:fall_one_cm":8428},"minecraft:dropped":{"minecraft:dirt":128,"minecraft:golden_carrot":8},"minecraft:picked_up":{"minecraft:stick":2,"minecraft:feather":2,"minecraft:chicken":1,"minecraft:golden_carrot":17,"minecraft:clay_ball":4,"minecraft:spruce_stairs":4,"minecraft:spruce_sapling":5,"minecraft:spruce_log":32,"minecraft:dirt":266,"minecraft:wheat_seeds":1,"minecraft:oak_planks":3,"minecraft:cobblestone":2},"minecraft:used":{"minecraft:oak_fence":25,"minecraft:diamond_shovel":225,"minecraft:oak_stairs":2,"minecraft:iron_pickaxe":2,"minecraft:oak_planks":35,"minecraft:spruce_sapling":5,"minecraft:diamond_axe":47,"minecraft:cooked_chicken":3,"minecraft:dirt":77,"minecraft:cobblestone":16,"minecraft:spruce_stairs":80,"minecraft:cooked_beef":2}},"DataVersion":3465}