{"stats":{"minecraft:crafted":{"minecraft:oak_planks":64,"minecraft:spruce_stairs":84,"minecraft:spruce_planks":128},"minecraft:mined":{"minecraft:spruce_stairs":5,"minecraft:grass_block":12,"minecraft:dirt":72,"minecraft:oak_planks":3,"minecraft:spruce_leaves":27,"minecraft:spruce_log":32,"minecraft:clay":1},"minecraft:custom":{"minecraft:open_chest":1,"minecraft:time_since_rest":15227,"minecraft:sprint_one_cm":42998,"minecraft:interact_with_furnace":2,"minecraft:play_time":29922,"minecraft:damage_taken":212,"minecraft:walk_one_cm":130661,"minecraft:walk_under_water_one_cm":1600,"minecraft:drop":4,"minecraft:jump":221,"minecraft:damage_dealt":14,"minecraft:walk_on_water_one_cm":2834,"minecraft:leave_game":1,"minecraft:time_since_death":29922,"minecraft:sleep_in_bed":2,"minecraft:total_world_time":29922,"minecraft:fall_one_cm":4026,"minecraft:interact_with_crafting_table":4,"minecraft:fly_one_cm":7597},"minecraft:dropped":{"minecraft:dirt":128},"minecraft:picked_up":{"minecraft:stick":2,"minecraft:clay_ball":4,"minecraft:spruce_stairs":4,"minecraft:spruce_sapling":5,"minecraft:spruce_log":32,"minecraft:oak_planks":3,"minecraft:dirt":140},"minecraft:used":{"minecraft:dirt":69,"minecraft:cobblestone":14,"minecraft:diamond_shovel":96,"minecraft:spruce_stairs":80,"minecraft:oak_planks":29,"minecraft:cooked_beef":2,"minecraft:spruce_sapling":5,"minecraft:diamond_axe":47}},"DataVersion":3465}