{"stats":{"minecraft:mined":{"minecraft:clay":1},"minecraft:crafted":{"minecraft:oak_planks":64},"minecraft:custom":{"minecraft:jump":73,"minecraft:time_since_rest":6444,"minecraft:leave_game":1,"minecraft:damage_taken":15,"minecraft:interact_with_furnace":2,"minecraft:sprint_one_cm":27455,"minecraft:play_time":8416,"minecraft:walk_on_water_one_cm":2834,"minecraft:time_since_death":8416,"minecraft:walk_one_cm":40671,"minecraft:sleep_in_bed":1,"minecraft:total_world_time":8416,"minecraft:walk_under_water_one_cm":1600,"minecraft:interact_with_crafting_table":1,"minecraft:fly_one_cm":2460},"minecraft:picked_up":{"minecraft:clay_ball":4},"minecraft:used":{"minecraft:oak_planks":24,"minecraft:diamond_shovel":1}},"DataVersion":3465}