{"stats":{"minecraft:mined":{"minecraft:spruce_leaves":27,"minecraft:spruce_log":32,"minecraft:clay":1},"minecraft:crafted":{"minecraft:oak_planks":64,"minecraft:spruce_planks":32},"minecraft:custom":{"minecraft:time_since_rest":9950,"minecraft:sprint_one_cm":32734,"minecraft:interact_with_furnace":2,"minecraft:play_time":11922,"minecraft:damage_taken":15,"minecraft:walk_one_cm":64727,"minecraft:walk_under_water_one_cm":1600,"minecraft:jump":100,"minecraft:walk_on_water_one_cm":2834,"minecraft:leave_game":1,"minecraft:time_since_death":11922,"minecraft:sleep_in_bed":1,"minecraft:total_world_time":11922,"minecraft:fall_one_cm":627,"minecraft:interact_with_crafting_table":2,"minecraft:fly_one_cm":3034},"minecraft:picked_up":{"minecraft:stick":2,"minecraft:clay_ball":4,"minecraft:spruce_sapling":5,"minecraft:spruce_log":32},"minecraft:used":{"minecraft:diamond_shovel":11,"minecraft:oak_planks":26,"minecraft:spruce_sapling":5,"minecraft:diamond_axe":39}},"DataVersion":3465}