{"stats":{"minecraft:mined":{"minecraft:white_bed":1,"minecraft:oak_door":2,"minecraft:grass_block":145,"minecraft:spruce_fence":2,"minecraft:jungle_log":8,"minecraft:spruce_leaves":27,"minecraft:furnace":1,"minecraft:carrots":29,"minecraft:pumpkin":32,"minecraft:bookshelf":4,"minecraft:vine":8,"minecraft:dirt_path":3,"minecraft:oak_stairs":2,"minecraft:stone":93,"minecraft:tripwire":1,"minecraft:oak_fence":2,"minecraft:crafting_table":1,"minecraft:clay":1,"minecraft:torch":4,"minecraft:poppy":1,"minecraft:chest":2,"minecraft:cobblestone":3,"minecraft:oak_planks":3,"minecraft:wall_torch":1,"minecraft:spruce_stairs":16,"minecraft:wheat":2,"minecraft:spruce_log":32,"minecraft:stripped_oak_wood":2,"minecraft:stone_brick_stairs":3,"minecraft:grass":16,"minecraft:oak_log":194,"minecraft:beetroots":1,"minecraft:dirt":104,"minecraft:spruce_fence_gate":2,"minecraft:stone_bricks":1,"minecraft:oak_leaves":14,"minecraft:fern":1},"minecraft:crafted":{"minecraft:oak_planks":348,"minecraft:leather_horse_armor":1,"minecraft:cooked_chicken":1,"minecraft:stone":24,"minecraft:cooked_mutton":7,"minecraft:spruce_stairs":84,"minecraft:chest":2,"minecraft:oak_fence":27,"minecraft:cooked_beef":13,"minecraft:cooked_porkchop":3,"minecraft:spruce_planks":128,"minecraft:stone_brick_stairs":36,"minecraft:stick":132,"minecraft:oak_stairs":4,"minecraft:torch":52},"minecraft:killed":{"minecraft:skeleton":1,"minecraft:drowned":3,"minecraft:pig":1,"minecraft:zombie":4,"minecraft:cow":6},"minecraft:custom":{"minecraft:mob_kills":18,"minecraft:interact_with_crafting_table":23,"minecraft:leave_game":3,"minecraft:time_since_death":5762,"minecraft:sprint_one_cm":292131,"minecraft:walk_one_cm":765259,"minecraft:drop":16,"minecraft:play_time":152669,"minecraft:deaths":9,"minecraft:walk_under_water_one_cm":1600,"minecraft:jump":1307,"minecraft:walk_on_water_one_cm":3421,"minecraft:total_world_time":152669,"minecraft:interact_with_furnace":27,"minecraft:sleep_in_bed":8,"minecraft:time_since_rest":5857,"minecraft:damage_taken":3365,"minecraft:damage_dealt":2585,"minecraft:fly_one_cm":52585,"minecraft:open_chest":52,"minecraft:fall_one_cm":21497},"minecraft:dropped":{"minecraft:wheat_seeds":1,"minecraft:feather":2,"minecraft:spruce_fence_gate":2,"minecraft:dirt":128,"minecraft:golden_carrot":8,"minecraft:stripped_oak_wood":1,"minecraft:bone":1,"minecraft:oak_door":1,"minecraft:rotten_flesh":2,"minecraft:arrow":6},"minecraft:picked_up":{"minecraft:iron_chestplate":8,"minecraft:crafting_table":1,"minecraft:chicken":2,"minecraft:clay_ball":4,"minecraft:diamond_sword":7,"minecraft:oak_stairs":4,"minecraft:stone_brick_stairs":19,"minecraft:shield":5,"minecraft:iron_leggings":8,"minecraft:beetroot":5,"minecraft:spruce_planks":2,"minecraft:beef":24,"minecraft:poppy":1,"minecraft:iron_pickaxe":8,"minecraft:sugar_cane":4,"minecraft:chest":2,"minecraft:furnace":2,"minecraft:stick":968,"minecraft:oak_door":2,"minecraft:oak_fence":4,"minecraft:copper_ingot":2,"minecraft:torch":393,"minecraft:spruce_stairs":35,"minecraft:porkchop":3,"minecraft:carrot":21,"minecraft:stone_shovel":16,"minecraft:stone_sword":8,"minecraft:arrow":10,"minecraft:rotten_flesh":32,"minecraft:beetroot_seeds":15,"minecraft:yellow_terracotta":3,"minecraft:cobblestone":67,"minecraft:feather":2,"minecraft:cooked_beef":67,"minecraft:golden_carrot":82,"minecraft:jungle_log":6,"minecraft:leather":51,"minecraft:oak_log":354,"minecraft:gunpowder":1,"minecraft:dirt":1357,"minecraft:cooked_mutton":14,"minecraft:leather_boots":6,"minecraft:bone":2,"minecraft:stone_bricks":4,"minecraft:wheat_seeds":22,"minecraft:cooked_chicken":1,"minecraft:stone_pickaxe":8,"minecraft:stripped_oak_wood":1,"minecraft:oak_planks":293,"minecraft:iron_sword":8,"minecraft:book":60,"minecraft:cooked_porkchop":18,"minecraft:pumpkin":64,"minecraft:dandelion":5,"minecraft:spruce_sapling":5,"minecraft:white_bed":1,"minecraft:spruce_log":32,"minecraft:spider_eye":7,"minecraft:iron_hoe":4,"minecraft:spruce_fence_gate":2,"minecraft:diamond_shovel":8,"minecraft:sugar":1,"minecraft:diamond":1,"minecraft:stone_axe":11,"minecraft:diamond_axe":8,"minecraft:terracotta":2,"minecraft:oak_sapling":6},"minecraft:broken":{"minecraft:stone_axe":1},"minecraft:killed_by":{"minecraft:zombie_villager":1,"minecraft:creeper":2,"minecraft:spider":1,"minecraft:skeleton":3,"minecraft:zombie":2},"minecraft:used":{"minecraft:beetroot":1,"minecraft:oak_fence":27,"minecraft:stone_sword":29,"minecraft:stone_shovel":2,"minecraft:chest":4,"minecraft:iron_sword":4,"minecraft:cooked_chicken":7,"minecraft:torch":3,"minecraft:dirt":118,"minecraft:spruce_stairs":80,"minecraft:carrot":13,"minecraft:iron_hoe":54,"minecraft:oak_stairs":4,"minecraft:stone_brick_stairs":23,"minecraft:stone_bricks":1,"minecraft:golden_carrot":1,"minecraft:furnace":1,"minecraft:cooked_beef":2,"minecraft:potato":2,"minecraft:wheat_seeds":20,"minecraft:cooked_mutton":7,"minecraft:stone_pickaxe":3,"minecraft:oak_planks":35,"minecraft:diamond_axe":301,"minecraft:crafting_table":1,"minecraft:white_bed":1,"minecraft:apple":1,"minecraft:diamond_shovel":260,"minecraft:iron_pickaxe":112,"minecraft:spruce_sapling":5,"minecraft:stone_axe":73,"minecraft:diamond_sword":51,"minecraft:cobblestone":18}},"DataVersion":3465}