{"stats":{"minecraft:mined":{"minecraft:oak_door":1,"minecraft:clay":1,"minecraft:torch":4,"minecraft:grass_block":144,"minecraft:poppy":1,"minecraft:jungle_log":8,"minecraft:cobblestone":3,"minecraft:spruce_leaves":27,"minecraft:oak_planks":3,"minecraft:spruce_stairs":16,"minecraft:spruce_log":32,"minecraft:stripped_oak_wood":2,"minecraft:stone_brick_stairs":3,"minecraft:grass":7,"minecraft:dirt_path":2,"minecraft:oak_log":194,"minecraft:vine":8,"minecraft:oak_stairs":2,"minecraft:dirt":103,"minecraft:stone":93,"minecraft:stone_bricks":1,"minecraft:oak_leaves":14,"minecraft:fern":1},"minecraft:crafted":{"minecraft:cooked_beef":2,"minecraft:oak_planks":348,"minecraft:cooked_porkchop":3,"minecraft:spruce_planks":128,"minecraft:cooked_chicken":1,"minecraft:stone":24,"minecraft:cooked_mutton":7,"minecraft:spruce_stairs":84,"minecraft:stone_brick_stairs":36,"minecraft:stick":132,"minecraft:oak_stairs":4,"minecraft:torch":52,"minecraft:oak_fence":27},"minecraft:killed":{"minecraft:pig":1,"minecraft:skeleton":1,"minecraft:drowned":3,"minecraft:cow":1},"minecraft:custom":{"minecraft:interact_with_furnace":19,"minecraft:mob_kills":6,"minecraft:interact_with_crafting_table":19,"minecraft:leave_game":1,"minecraft:time_since_death":8248,"minecraft:sleep_in_bed":6,"minecraft:time_since_rest":7121,"minecraft:sprint_one_cm":159677,"minecraft:damage_taken":1549,"minecraft:walk_one_cm":489146,"minecraft:drop":12,"minecraft:damage_dealt":1099,"minecraft:fly_one_cm":34438,"minecraft:open_chest":22,"minecraft:play_time":101922,"minecraft:deaths":3,"minecraft:walk_under_water_one_cm":1600,"minecraft:jump":809,"minecraft:walk_on_water_one_cm":3421,"minecraft:total_world_time":101922,"minecraft:fall_one_cm":15025},"minecraft:dropped":{"minecraft:wheat_seeds":1,"minecraft:feather":2,"minecraft:rotten_flesh":2,"minecraft:dirt":128,"minecraft:golden_carrot":8,"minecraft:arrow":6,"minecraft:stripped_oak_wood":1},"minecraft:picked_up":{"minecraft:iron_chestplate":2,"minecraft:feather":2,"minecraft:chicken":2,"minecraft:golden_carrot":34,"minecraft:clay_ball":4,"minecraft:jungle_log":6,"minecraft:leather":1,"minecraft:diamond_sword":1,"minecraft:oak_stairs":4,"minecraft:stone_brick_stairs":19,"minecraft:oak_log":328,"minecraft:gunpowder":1,"minecraft:dirt":620,"minecraft:iron_leggings":2,"minecraft:bone":1,"minecraft:stone_bricks":4,"minecraft:wheat_seeds":3,"minecraft:spruce_planks":2,"minecraft:beef":2,"minecraft:stone_pickaxe":2,"minecraft:cooked_chicken":1,"minecraft:stripped_oak_wood":1,"minecraft:poppy":1,"minecraft:iron_pickaxe":2,"minecraft:sugar_cane":4,"minecraft:iron_sword":2,"minecraft:oak_planks":35,"minecraft:stick":200,"minecraft:oak_door":1,"minecraft:copper_ingot":2,"minecraft:oak_fence":2,"minecraft:torch":57,"minecraft:spruce_stairs":35,"minecraft:porkchop":3,"minecraft:spruce_sapling":5,"minecraft:spruce_log":32,"minecraft:spider_eye":1,"minecraft:diamond_shovel":2,"minecraft:stone_sword":2,"minecraft:sugar":1,"minecraft:arrow":6,"minecraft:rotten_flesh":2,"minecraft:stone_shovel":4,"minecraft:diamond":1,"minecraft:stone_axe":4,"minecraft:diamond_axe":2,"minecraft:yellow_terracotta":3,"minecraft:terracotta":2,"minecraft:oak_sapling":6,"minecraft:cobblestone":67},"minecraft:killed_by":{"minecraft:skeleton":2,"minecraft:spider":1},"minecraft:used":{"minecraft:oak_fence":25,"minecraft:stone_sword":25,"minecraft:oak_planks":35,"minecraft:iron_sword":4,"minecraft:diamond_axe":293,"minecraft:cooked_chicken":7,"minecraft:torch":3,"minecraft:dirt":107,"minecraft:spruce_stairs":80,"minecraft:apple":1,"minecraft:diamond_shovel":260,"minecraft:oak_stairs":4,"minecraft:iron_pickaxe":102,"minecraft:spruce_sapling":5,"minecraft:diamond_sword":11,"minecraft:stone_brick_stairs":23,"minecraft:stone_bricks":1,"minecraft:stone_axe":5,"minecraft:golden_carrot":1,"minecraft:cobblestone":18,"minecraft:cooked_beef":2}},"DataVersion":3465}