{"stats":{"minecraft:crafted":{"minecraft:oak_planks":92,"minecraft:stone_brick_stairs":36,"minecraft:spruce_stairs":84,"minecraft:spruce_planks":128,"minecraft:stick":4,"minecraft:oak_stairs":4,"minecraft:oak_fence":27},"minecraft:mined":{"minecraft:spruce_stairs":16,"minecraft:spruce_log":32,"minecraft:stone_brick_stairs":3,"minecraft:clay":1,"minecraft:grass":2,"minecraft:poppy":1,"minecraft:jungle_log":8,"minecraft:grass_block":144,"minecraft:oak_log":194,"minecraft:vine":8,"minecraft:dirt_path":2,"minecraft:oak_stairs":2,"minecraft:dirt":96,"minecraft:cobblestone":3,"minecraft:spruce_leaves":27,"minecraft:stone_bricks":1,"minecraft:stone":93,"minecraft:oak_planks":3,"minecraft:oak_leaves":14,"minecraft:fern":1},"minecraft:killed":{"minecraft:drowned":3},"minecraft:custom":{"minecraft:time_since_rest":1065,"minecraft:interact_with_furnace":6,"minecraft:sprint_one_cm":113951,"minecraft:damage_taken":648,"minecraft:walk_one_cm":409908,"minecraft:mob_kills":3,"minecraft:drop":10,"minecraft:damage_dealt":628,"minecraft:interact_with_crafting_table":12,"minecraft:fly_one_cm":21233,"minecraft:open_chest":7,"minecraft:play_time":77922,"minecraft:walk_under_water_one_cm":1600,"minecraft:jump":629,"minecraft:leave_game":1,"minecraft:time_since_death":77922,"minecraft:walk_on_water_one_cm":3003,"minecraft:sleep_in_bed":4,"minecraft:total_world_time":77922,"minecraft:fall_one_cm":12817},"minecraft:dropped":{"minecraft:dirt":128,"minecraft:wheat_seeds":1,"minecraft:golden_carrot":8,"minecraft:feather":2,"minecraft:rotten_flesh":1,"minecraft:arrow":6},"minecraft:picked_up":{"minecraft:copper_ingot":1,"minecraft:stick":5,"minecraft:feather":2,"minecraft:chicken":1,"minecraft:golden_carrot":17,"minecraft:clay_ball":4,"minecraft:jungle_log":6,"minecraft:spruce_stairs":12,"minecraft:oak_stairs":2,"minecraft:stone_brick_stairs":3,"minecraft:oak_log":164,"minecraft:spruce_sapling":5,"minecraft:gunpowder":1,"minecraft:spruce_log":32,"minecraft:dirt":293,"minecraft:rotten_flesh":1,"minecraft:arrow":4,"minecraft:stone_bricks":1,"minecraft:sugar":1,"minecraft:wheat_seeds":1,"minecraft:poppy":1,"minecraft:oak_sapling":6,"minecraft:sugar_cane":2,"minecraft:oak_planks":3,"minecraft:cobblestone":67},"minecraft:used":{"minecraft:oak_fence":25,"minecraft:apple":1,"minecraft:diamond_shovel":256,"minecraft:oak_stairs":4,"minecraft:iron_pickaxe":102,"minecraft:oak_planks":35,"minecraft:stone_bricks":1,"minecraft:spruce_sapling":5,"minecraft:diamond_axe":293,"minecraft:stone_brick_stairs":23,"minecraft:cooked_chicken":6,"minecraft:dirt":105,"minecraft:cobblestone":18,"minecraft:spruce_stairs":80,"minecraft:cooked_beef":2}},"DataVersion":3465}