{"stats":{"minecraft:crafted":{"minecraft:oak_planks":20,"minecraft:iron_nugget":9,"minecraft:diamond_hoe":1,"minecraft:chain":2,"minecraft:cobblestone_stairs":8,"minecraft:bone_meal":48,"minecraft:spruce_fence":87,"minecraft:chest":3,"minecraft:sugar":1,"minecraft:oak_slab":6,"minecraft:emerald":308,"minecraft:crafting_table":1,"minecraft:bucket":1,"minecraft:bread":96,"minecraft:air":0,"minecraft:stick":72,"minecraft:iron_ingot":1,"minecraft:spruce_fence_gate":3},"minecraft:mined":{"minecraft:tuff":13,"minecraft:spruce_planks":6,"minecraft:farmland":3,"minecraft:oak_door":1,"minecraft:cobblestone_stairs":3,"minecraft:spruce_trapdoor":6,"minecraft:cherry_trapdoor":2,"minecraft:grass_block":32,"minecraft:spruce_fence":5,"minecraft:redstone_wire":5,"minecraft:hopper":13,"minecraft:composter":6,"minecraft:oxeye_daisy":1,"minecraft:carrots":44,"minecraft:iron_ore":1,"minecraft:barrel":5,"minecraft:potatoes":2,"minecraft:dirt_path":230,"minecraft:stone":10,"minecraft:tripwire":3,"minecraft:oak_slab":1,"minecraft:cherry_planks":19,"minecraft:dandelion":4,"minecraft:cornflower":1,"minecraft:oak_fence":11,"minecraft:crafting_table":1,"minecraft:poppy":3,"minecraft:chest":5,"minecraft:glass":16,"minecraft:tall_grass":9,"minecraft:cobblestone":79,"minecraft:sugar_cane":185,"minecraft:wall_torch":1,"minecraft:chain":4,"minecraft:wheat":1,"minecraft:stripped_oak_wood":3,"minecraft:grass":21,"minecraft:coal_ore":5,"minecraft:oak_log":4,"minecraft:gravel":2,"minecraft:sand":1,"minecraft:dirt":52,"minecraft:tripwire_hook":2,"minecraft:oak_leaves":3},"minecraft:killed":{"minecraft:spider":5,"minecraft:skeleton":4,"minecraft:chicken":1,"minecraft:creeper":2,"minecraft:sheep":1,"minecraft:zombie":6},"minecraft:custom":{"minecraft:mob_kills":20,"minecraft:inspect_hopper":1,"minecraft:interact_with_crafting_table":19,"minecraft:leave_game":3,"minecraft:time_since_death":156944,"minecraft:sprint_one_cm":719781,"minecraft:walk_one_cm":276724,"minecraft:damage_blocked_by_shield":225,"minecraft:drop":43,"minecraft:talked_to_villager":56,"minecraft:play_time":156944,"minecraft:sneak_time":5753,"minecraft:walk_under_water_one_cm":5559,"minecraft:boat_one_cm":3285,"minecraft:jump":2898,"minecraft:walk_on_water_one_cm":34080,"minecraft:total_world_time":156944,"minecraft:interact_with_furnace":6,"minecraft:traded_with_villager":324,"minecraft:sleep_in_bed":9,"minecraft:time_since_rest":15689,"minecraft:damage_taken":1030,"minecraft:trigger_trapped_chest":2,"minecraft:damage_dealt":3662,"minecraft:fly_one_cm":666963,"minecraft:swim_one_cm":1065,"minecraft:open_chest":161,"minecraft:crouch_one_cm":12576,"minecraft:fall_one_cm":67423},"minecraft:dropped":{"minecraft:bread":240,"minecraft:wheat_seeds":5,"minecraft:golden_carrot":17,"minecraft:chain":1,"minecraft:sugar":1,"minecraft:string":137,"minecraft:bone":1,"minecraft:rotten_flesh":2,"minecraft:poppy":1},"minecraft:picked_up":{"minecraft:crafting_table":1,"minecraft:chain":2,"minecraft:cornflower":1,"minecraft:string":2299,"minecraft:spruce_planks":6,"minecraft:poppy":3,"minecraft:sugar_cane":365,"minecraft:chest":5,"minecraft:spruce_trapdoor":6,"minecraft:cherry_trapdoor":2,"minecraft:raw_iron":1,"minecraft:oak_door":2,"minecraft:composter":6,"minecraft:oak_fence":11,"minecraft:torch":5,"minecraft:spruce_fence":7,"minecraft:stone_button":1,"minecraft:carrot":173,"minecraft:redstone":5,"minecraft:arrow":3,"minecraft:rotten_flesh":4,"minecraft:cobblestone":141,"minecraft:oxeye_daisy":1,"minecraft:cherry_planks":19,"minecraft:golden_carrot":8,"minecraft:tripwire_hook":1,"minecraft:potato":8,"minecraft:tuff":13,"minecraft:oak_log":4,"minecraft:gunpowder":3,"minecraft:cobblestone_stairs":3,"minecraft:dirt":393,"minecraft:bone":4,"minecraft:wheat_seeds":8,"minecraft:iron_ingot":42,"minecraft:stripped_oak_wood":6,"minecraft:oak_slab":1,"minecraft:dandelion":3,"minecraft:sand":1,"minecraft:spider_eye":1,"minecraft:barrel":5,"minecraft:spruce_fence_gate":2,"minecraft:spruce_boat":2,"minecraft:coal":5,"minecraft:hopper":13},"minecraft:used":{"minecraft:oak_fence":10,"minecraft:redstone":4,"minecraft:diamond_hoe":349,"minecraft:spruce_planks":7,"minecraft:chest":5,"minecraft:shield":3,"minecraft:oak_door":2,"minecraft:torch":5,"minecraft:dirt":596,"minecraft:hopper":12,"minecraft:carrot":174,"minecraft:tuff":14,"minecraft:spruce_fence":80,"minecraft:spruce_boat":6,"minecraft:lava_bucket":3,"minecraft:barrel":5,"minecraft:tripwire_hook":2,"minecraft:golden_carrot":27,"minecraft:egg":1,"minecraft:potato":8,"minecraft:water_bucket":66,"minecraft:cobblestone_stairs":11,"minecraft:composter":6,"minecraft:diamond_axe":80,"minecraft:sugar_cane":127,"minecraft:spruce_fence_gate":5,"minecraft:sand":1,"minecraft:oak_slab":2,"minecraft:crafting_table":1,"minecraft:diamond_pickaxe":143,"minecraft:oxeye_daisy":1,"minecraft:diamond_shovel":303,"minecraft:string":14,"minecraft:spruce_trapdoor":4,"minecraft:diamond_sword":71,"minecraft:cobblestone":109,"minecraft:stripped_oak_wood":5,"minecraft:bucket":71,"minecraft:andesite":2,"minecraft:chain":5,"minecraft:dandelion":1,"minecraft:bone_meal":48}},"DataVersion":3465}