{"stats":{"minecraft:mined":{"minecraft:spruce_planks":6,"minecraft:cherry_planks":19,"minecraft:dandelion":4,"minecraft:cornflower":1,"minecraft:crafting_table":1,"minecraft:spruce_trapdoor":3,"minecraft:cherry_trapdoor":2,"minecraft:grass_block":23,"minecraft:poppy":1,"minecraft:chest":5,"minecraft:glass":16,"minecraft:tall_grass":7,"minecraft:cobblestone":77,"minecraft:sugar_cane":185,"minecraft:composter":1,"minecraft:hopper":13,"minecraft:oxeye_daisy":1,"minecraft:chain":3,"minecraft:iron_ore":1,"minecraft:grass":16,"minecraft:oak_log":4,"minecraft:coal_ore":5,"minecraft:dirt_path":187,"minecraft:gravel":2,"minecraft:sand":1,"minecraft:dirt":41,"minecraft:stone":10,"minecraft:oak_leaves":3},"minecraft:crafted":{"minecraft:sugar":1,"minecraft:oak_slab":6,"minecraft:oak_planks":16,"minecraft:emerald":253,"minecraft:iron_nugget":9,"minecraft:crafting_table":1,"minecraft:chain":2,"minecraft:bucket":1,"minecraft:air":0,"minecraft:chest":3},"minecraft:killed":{"minecraft:spider":2,"minecraft:creeper":2,"minecraft:sheep":1,"minecraft:skeleton":2,"minecraft:zombie":4,"minecraft:chicken":1},"minecraft:custom":{"minecraft:interact_with_furnace":2,"minecraft:mob_kills":13,"minecraft:inspect_hopper":1,"minecraft:traded_with_villager":253,"minecraft:interact_with_crafting_table":6,"minecraft:leave_game":2,"minecraft:time_since_death":84612,"minecraft:sleep_in_bed":2,"minecraft:time_since_rest":8428,"minecraft:sprint_one_cm":447241,"minecraft:damage_taken":724,"minecraft:walk_one_cm":141901,"minecraft:damage_blocked_by_shield":225,"minecraft:trigger_trapped_chest":2,"minecraft:drop":33,"minecraft:damage_dealt":2211,"minecraft:swim_one_cm":763,"minecraft:talked_to_villager":39,"minecraft:fly_one_cm":497576,"minecraft:open_chest":81,"minecraft:crouch_one_cm":9227,"minecraft:play_time":84612,"minecraft:sneak_time":4720,"minecraft:walk_under_water_one_cm":4798,"minecraft:boat_one_cm":1890,"minecraft:jump":2109,"minecraft:walk_on_water_one_cm":18298,"minecraft:total_world_time":84612,"minecraft:fall_one_cm":47545},"minecraft:dropped":{"minecraft:bread":144,"minecraft:wheat_seeds":1,"minecraft:rotten_flesh":2,"minecraft:poppy":1,"minecraft:golden_carrot":17,"minecraft:sugar":1,"minecraft:string":127},"minecraft:picked_up":{"minecraft:crafting_table":1,"minecraft:cherry_planks":19,"minecraft:golden_carrot":8,"minecraft:oak_log":4,"minecraft:chain":1,"minecraft:gunpowder":3,"minecraft:cornflower":1,"minecraft:dirt":312,"minecraft:string":1940,"minecraft:bone":3,"minecraft:wheat_seeds":1,"minecraft:spruce_planks":6,"minecraft:iron_ingot":42,"minecraft:poppy":1,"minecraft:sugar_cane":365,"minecraft:chest":5,"minecraft:spruce_trapdoor":3,"minecraft:cherry_trapdoor":2,"minecraft:raw_iron":1,"minecraft:composter":1,"minecraft:dandelion":3,"minecraft:sand":1,"minecraft:stone_button":1,"minecraft:spider_eye":1,"minecraft:arrow":3,"minecraft:rotten_flesh":2,"minecraft:spruce_boat":1,"minecraft:coal":5,"minecraft:hopper":13,"minecraft:cobblestone":139,"minecraft:oxeye_daisy":1},"minecraft:used":{"minecraft:water_bucket":39,"minecraft:spruce_planks":7,"minecraft:chest":5,"minecraft:shield":3,"minecraft:composter":1,"minecraft:sugar_cane":127,"minecraft:diamond_axe":45,"minecraft:dirt":297,"minecraft:sand":1,"minecraft:oak_slab":1,"minecraft:hopper":12,"minecraft:crafting_table":1,"minecraft:spruce_boat":1,"minecraft:diamond_pickaxe":121,"minecraft:lava_bucket":2,"minecraft:oxeye_daisy":1,"minecraft:diamond_shovel":250,"minecraft:spruce_trapdoor":1,"minecraft:diamond_sword":36,"minecraft:golden_carrot":18,"minecraft:cobblestone":109,"minecraft:bucket":43,"minecraft:andesite":2,"minecraft:chain":5,"minecraft:egg":1,"minecraft:dandelion":1}},"DataVersion":3465}