{"stats":{"minecraft:crafted":{"minecraft:emerald":133,"minecraft:iron_nugget":9,"minecraft:chain":2,"minecraft:chest":3,"minecraft:air":0},"minecraft:mined":{"minecraft:chain":3,"minecraft:spruce_planks":6,"minecraft:cherry_planks":19,"minecraft:spruce_trapdoor":2,"minecraft:cherry_trapdoor":2,"minecraft:grass":8,"minecraft:grass_block":22,"minecraft:coal_ore":5,"minecraft:dirt_path":187,"minecraft:chest":5,"minecraft:dirt":40,"minecraft:tall_grass":1,"minecraft:glass":16,"minecraft:cobblestone":54,"minecraft:stone":5,"minecraft:hopper":13,"minecraft:oak_leaves":1},"minecraft:killed":{"minecraft:sheep":1,"minecraft:zombie":1,"minecraft:spider":1,"minecraft:creeper":2},"minecraft:custom":{"minecraft:time_since_rest":28534,"minecraft:sprint_one_cm":232648,"minecraft:damage_taken":315,"minecraft:walk_one_cm":88011,"minecraft:trigger_trapped_chest":1,"minecraft:mob_kills":5,"minecraft:drop":4,"minecraft:inspect_hopper":1,"minecraft:damage_dealt":885,"minecraft:traded_with_villager":133,"minecraft:interact_with_crafting_table":3,"minecraft:swim_one_cm":355,"minecraft:talked_to_villager":17,"minecraft:fly_one_cm":267461,"minecraft:open_chest":43,"minecraft:crouch_one_cm":6870,"minecraft:play_time":47705,"minecraft:sneak_time":2920,"minecraft:walk_under_water_one_cm":2988,"minecraft:boat_one_cm":1890,"minecraft:jump":1192,"minecraft:leave_game":1,"minecraft:time_since_death":47705,"minecraft:walk_on_water_one_cm":12068,"minecraft:sleep_in_bed":1,"minecraft:total_world_time":47705,"minecraft:fall_one_cm":27219},"minecraft:dropped":{"minecraft:string":44},"minecraft:picked_up":{"minecraft:cherry_planks":19,"minecraft:stone_button":1,"minecraft:chain":1,"minecraft:gunpowder":3,"minecraft:string":1461,"minecraft:spider_eye":1,"minecraft:dirt":310,"minecraft:spruce_boat":1,"minecraft:spruce_planks":6,"minecraft:iron_ingot":42,"minecraft:chest":5,"minecraft:coal":5,"minecraft:spruce_trapdoor":2,"minecraft:cherry_trapdoor":2,"minecraft:hopper":13,"minecraft:cobblestone":113},"minecraft:used":{"minecraft:spruce_boat":1,"minecraft:water_bucket":27,"minecraft:diamond_pickaxe":92,"minecraft:diamond_shovel":250,"minecraft:chest":5,"minecraft:spruce_planks":6,"minecraft:diamond_axe":36,"minecraft:dirt":295,"minecraft:diamond_sword":15,"minecraft:cobblestone":61,"minecraft:golden_carrot":9,"minecraft:hopper":12,"minecraft:andesite":2,"minecraft:bucket":28,"minecraft:chain":5,"minecraft:egg":1}},"DataVersion":3465}