{"stats":{"minecraft:crafted":{"minecraft:emerald":176,"minecraft:iron_nugget":9,"minecraft:crafting_table":1,"minecraft:chain":2,"minecraft:bucket":1,"minecraft:air":0,"minecraft:chest":3},"minecraft:mined":{"minecraft:spruce_planks":6,"minecraft:cherry_planks":19,"minecraft:crafting_table":1,"minecraft:spruce_trapdoor":3,"minecraft:cherry_trapdoor":2,"minecraft:grass_block":22,"minecraft:chest":5,"minecraft:glass":16,"minecraft:tall_grass":1,"minecraft:cobblestone":77,"minecraft:hopper":13,"minecraft:chain":3,"minecraft:iron_ore":1,"minecraft:grass":9,"minecraft:coal_ore":5,"minecraft:dirt_path":187,"minecraft:dirt":40,"minecraft:stone":6,"minecraft:oak_leaves":1},"minecraft:killed":{"minecraft:spider":1,"minecraft:creeper":2,"minecraft:sheep":1,"minecraft:zombie":4,"minecraft:chicken":1},"minecraft:custom":{"minecraft:interact_with_furnace":1,"minecraft:mob_kills":10,"minecraft:inspect_hopper":1,"minecraft:traded_with_villager":176,"minecraft:interact_with_crafting_table":4,"minecraft:leave_game":1,"minecraft:time_since_death":59705,"minecraft:sleep_in_bed":1,"minecraft:time_since_rest":40534,"minecraft:sprint_one_cm":282700,"minecraft:damage_taken":532,"minecraft:walk_one_cm":103474,"minecraft:trigger_trapped_chest":1,"minecraft:drop":23,"minecraft:damage_dealt":1629,"minecraft:swim_one_cm":424,"minecraft:talked_to_villager":21,"minecraft:fly_one_cm":340676,"minecraft:open_chest":50,"minecraft:crouch_one_cm":9167,"minecraft:play_time":59705,"minecraft:sneak_time":4642,"minecraft:walk_under_water_one_cm":3113,"minecraft:boat_one_cm":1890,"minecraft:jump":1502,"minecraft:walk_on_water_one_cm":12740,"minecraft:total_world_time":59705,"minecraft:fall_one_cm":34150},"minecraft:dropped":{"minecraft:rotten_flesh":2,"minecraft:golden_carrot":17,"minecraft:string":44},"minecraft:picked_up":{"minecraft:crafting_table":1,"minecraft:cherry_planks":19,"minecraft:golden_carrot":8,"minecraft:chain":1,"minecraft:gunpowder":3,"minecraft:dirt":310,"minecraft:string":1586,"minecraft:spruce_planks":6,"minecraft:iron_ingot":42,"minecraft:chest":5,"minecraft:spruce_trapdoor":3,"minecraft:cherry_trapdoor":2,"minecraft:raw_iron":1,"minecraft:stone_button":1,"minecraft:spider_eye":1,"minecraft:rotten_flesh":2,"minecraft:spruce_boat":1,"minecraft:coal":5,"minecraft:hopper":13,"minecraft:cobblestone":135},"minecraft:used":{"minecraft:water_bucket":33,"minecraft:spruce_planks":6,"minecraft:chest":5,"minecraft:diamond_axe":38,"minecraft:dirt":295,"minecraft:hopper":12,"minecraft:crafting_table":1,"minecraft:spruce_boat":1,"minecraft:diamond_pickaxe":117,"minecraft:lava_bucket":2,"minecraft:diamond_shovel":250,"minecraft:spruce_trapdoor":1,"minecraft:diamond_sword":27,"minecraft:golden_carrot":12,"minecraft:cobblestone":105,"minecraft:bucket":37,"minecraft:andesite":2,"minecraft:chain":5,"minecraft:egg":1}},"DataVersion":3465}