{"stats":{"minecraft:mined":{"minecraft:spruce_planks":6,"minecraft:cherry_planks":19,"minecraft:oak_fence":2,"minecraft:dandelion":4,"minecraft:crafting_table":1,"minecraft:cornflower":1,"minecraft:spruce_trapdoor":3,"minecraft:cherry_trapdoor":2,"minecraft:grass_block":28,"minecraft:poppy":3,"minecraft:chest":5,"minecraft:glass":16,"minecraft:tall_grass":8,"minecraft:cobblestone":79,"minecraft:composter":1,"minecraft:sugar_cane":185,"minecraft:hopper":13,"minecraft:oxeye_daisy":1,"minecraft:chain":3,"minecraft:iron_ore":1,"minecraft:barrel":5,"minecraft:stripped_oak_wood":3,"minecraft:grass":19,"minecraft:oak_log":4,"minecraft:coal_ore":5,"minecraft:dirt_path":230,"minecraft:dirt":48,"minecraft:gravel":2,"minecraft:sand":1,"minecraft:stone":10,"minecraft:oak_leaves":3},"minecraft:crafted":{"minecraft:sugar":1,"minecraft:oak_slab":6,"minecraft:oak_planks":16,"minecraft:emerald":308,"minecraft:iron_nugget":9,"minecraft:crafting_table":1,"minecraft:chain":2,"minecraft:bucket":1,"minecraft:air":0,"minecraft:iron_ingot":1,"minecraft:chest":3},"minecraft:killed":{"minecraft:spider":5,"minecraft:creeper":2,"minecraft:sheep":1,"minecraft:skeleton":3,"minecraft:zombie":4,"minecraft:chicken":1},"minecraft:custom":{"minecraft:interact_with_furnace":5,"minecraft:mob_kills":17,"minecraft:inspect_hopper":1,"minecraft:traded_with_villager":308,"minecraft:interact_with_crafting_table":7,"minecraft:leave_game":2,"minecraft:time_since_death":97258,"minecraft:sleep_in_bed":4,"minecraft:time_since_rest":7121,"minecraft:sprint_one_cm":497528,"minecraft:damage_taken":795,"minecraft:walk_one_cm":167768,"minecraft:damage_blocked_by_shield":225,"minecraft:trigger_trapped_chest":2,"minecraft:drop":36,"minecraft:damage_dealt":2903,"minecraft:swim_one_cm":809,"minecraft:talked_to_villager":47,"minecraft:fly_one_cm":540703,"minecraft:open_chest":116,"minecraft:crouch_one_cm":9787,"minecraft:play_time":97258,"minecraft:sneak_time":4865,"minecraft:walk_under_water_one_cm":5096,"minecraft:boat_one_cm":1890,"minecraft:jump":2284,"minecraft:walk_on_water_one_cm":20389,"minecraft:total_world_time":97258,"minecraft:fall_one_cm":52516},"minecraft:dropped":{"minecraft:bread":144,"minecraft:wheat_seeds":3,"minecraft:rotten_flesh":2,"minecraft:poppy":1,"minecraft:golden_carrot":17,"minecraft:sugar":1,"minecraft:string":127,"minecraft:bone":1},"minecraft:picked_up":{"minecraft:crafting_table":1,"minecraft:golden_carrot":8,"minecraft:cherry_planks":19,"minecraft:oak_log":4,"minecraft:chain":1,"minecraft:gunpowder":3,"minecraft:dirt":382,"minecraft:cornflower":1,"minecraft:string":2289,"minecraft:bone":4,"minecraft:wheat_seeds":6,"minecraft:spruce_planks":6,"minecraft:iron_ingot":42,"minecraft:stripped_oak_wood":6,"minecraft:poppy":3,"minecraft:sugar_cane":365,"minecraft:chest":5,"minecraft:spruce_trapdoor":3,"minecraft:cherry_trapdoor":2,"minecraft:raw_iron":1,"minecraft:composter":1,"minecraft:oak_fence":2,"minecraft:torch":5,"minecraft:dandelion":3,"minecraft:sand":1,"minecraft:stone_button":1,"minecraft:barrel":5,"minecraft:spider_eye":1,"minecraft:arrow":3,"minecraft:rotten_flesh":2,"minecraft:spruce_boat":1,"minecraft:coal":5,"minecraft:hopper":13,"minecraft:cobblestone":141,"minecraft:oxeye_daisy":1},"minecraft:used":{"minecraft:oak_fence":1,"minecraft:water_bucket":46,"minecraft:chest":5,"minecraft:spruce_planks":7,"minecraft:shield":3,"minecraft:composter":1,"minecraft:sugar_cane":127,"minecraft:diamond_axe":55,"minecraft:torch":3,"minecraft:dirt":528,"minecraft:sand":1,"minecraft:hopper":12,"minecraft:oak_slab":1,"minecraft:crafting_table":1,"minecraft:spruce_boat":1,"minecraft:diamond_pickaxe":123,"minecraft:lava_bucket":3,"minecraft:oxeye_daisy":1,"minecraft:diamond_shovel":303,"minecraft:spruce_trapdoor":1,"minecraft:barrel":5,"minecraft:diamond_sword":47,"minecraft:cobblestone":109,"minecraft:golden_carrot":20,"minecraft:stripped_oak_wood":5,"minecraft:andesite":2,"minecraft:bucket":51,"minecraft:chain":5,"minecraft:egg":1,"minecraft:dandelion":1}},"DataVersion":3465}