{"stats":{"minecraft:mined":{"minecraft:spruce_planks":6,"minecraft:farmland":3,"minecraft:cherry_planks":19,"minecraft:oak_door":1,"minecraft:cobblestone_stairs":3,"minecraft:oak_fence":11,"minecraft:dandelion":4,"minecraft:crafting_table":1,"minecraft:cornflower":1,"minecraft:spruce_trapdoor":3,"minecraft:cherry_trapdoor":2,"minecraft:spruce_fence":5,"minecraft:grass_block":32,"minecraft:poppy":3,"minecraft:chest":5,"minecraft:glass":16,"minecraft:tall_grass":8,"minecraft:cobblestone":79,"minecraft:composter":1,"minecraft:sugar_cane":185,"minecraft:hopper":13,"minecraft:oxeye_daisy":1,"minecraft:wall_torch":1,"minecraft:chain":3,"minecraft:carrots":43,"minecraft:iron_ore":1,"minecraft:wheat":1,"minecraft:barrel":5,"minecraft:stripped_oak_wood":3,"minecraft:grass":21,"minecraft:potatoes":2,"minecraft:oak_log":4,"minecraft:coal_ore":5,"minecraft:dirt_path":230,"minecraft:dirt":51,"minecraft:gravel":2,"minecraft:sand":1,"minecraft:stone":10,"minecraft:oak_leaves":3},"minecraft:crafted":{"minecraft:sugar":1,"minecraft:oak_slab":6,"minecraft:oak_planks":20,"minecraft:emerald":308,"minecraft:iron_nugget":9,"minecraft:crafting_table":1,"minecraft:diamond_hoe":1,"minecraft:chain":2,"minecraft:cobblestone_stairs":8,"minecraft:bone_meal":48,"minecraft:bucket":1,"minecraft:spruce_fence":87,"minecraft:air":0,"minecraft:stick":72,"minecraft:iron_ingot":1,"minecraft:chest":3,"minecraft:spruce_fence_gate":3},"minecraft:killed":{"minecraft:spider":5,"minecraft:creeper":2,"minecraft:sheep":1,"minecraft:skeleton":3,"minecraft:zombie":6,"minecraft:chicken":1},"minecraft:custom":{"minecraft:interact_with_furnace":6,"minecraft:mob_kills":19,"minecraft:inspect_hopper":1,"minecraft:traded_with_villager":308,"minecraft:interact_with_crafting_table":19,"minecraft:leave_game":2,"minecraft:time_since_death":127258,"minecraft:sleep_in_bed":8,"minecraft:time_since_rest":2279,"minecraft:sprint_one_cm":640005,"minecraft:damage_taken":954,"minecraft:walk_one_cm":237864,"minecraft:damage_blocked_by_shield":225,"minecraft:trigger_trapped_chest":2,"minecraft:drop":37,"minecraft:damage_dealt":3532,"minecraft:swim_one_cm":809,"minecraft:talked_to_villager":47,"minecraft:fly_one_cm":593955,"minecraft:open_chest":142,"minecraft:crouch_one_cm":10451,"minecraft:play_time":127258,"minecraft:sneak_time":5033,"minecraft:walk_under_water_one_cm":5096,"minecraft:boat_one_cm":1890,"minecraft:jump":2513,"minecraft:walk_on_water_one_cm":20389,"minecraft:total_world_time":127258,"minecraft:fall_one_cm":59147},"minecraft:dropped":{"minecraft:bread":144,"minecraft:wheat_seeds":4,"minecraft:rotten_flesh":2,"minecraft:poppy":1,"minecraft:golden_carrot":17,"minecraft:sugar":1,"minecraft:string":127,"minecraft:bone":1},"minecraft:picked_up":{"minecraft:crafting_table":1,"minecraft:golden_carrot":8,"minecraft:cherry_planks":19,"minecraft:potato":8,"minecraft:cobblestone_stairs":3,"minecraft:oak_log":4,"minecraft:chain":1,"minecraft:gunpowder":3,"minecraft:dirt":392,"minecraft:cornflower":1,"minecraft:string":2289,"minecraft:bone":4,"minecraft:wheat_seeds":7,"minecraft:spruce_planks":6,"minecraft:iron_ingot":42,"minecraft:stripped_oak_wood":6,"minecraft:poppy":3,"minecraft:sugar_cane":365,"minecraft:chest":5,"minecraft:spruce_trapdoor":3,"minecraft:cherry_trapdoor":2,"minecraft:raw_iron":1,"minecraft:oak_door":2,"minecraft:composter":1,"minecraft:oak_fence":11,"minecraft:torch":5,"minecraft:dandelion":3,"minecraft:spruce_fence":7,"minecraft:sand":1,"minecraft:stone_button":1,"minecraft:carrot":171,"minecraft:barrel":5,"minecraft:spider_eye":1,"minecraft:spruce_fence_gate":2,"minecraft:arrow":3,"minecraft:rotten_flesh":4,"minecraft:spruce_boat":1,"minecraft:coal":5,"minecraft:hopper":13,"minecraft:cobblestone":141,"minecraft:oxeye_daisy":1},"minecraft:used":{"minecraft:oak_fence":10,"minecraft:water_bucket":55,"minecraft:cobblestone_stairs":11,"minecraft:spruce_fence_gate":5,"minecraft:diamond_hoe":349,"minecraft:chest":5,"minecraft:spruce_planks":7,"minecraft:shield":3,"minecraft:composter":1,"minecraft:sugar_cane":127,"minecraft:diamond_axe":71,"minecraft:oak_door":2,"minecraft:torch":5,"minecraft:dirt":595,"minecraft:sand":1,"minecraft:hopper":12,"minecraft:oak_slab":1,"minecraft:crafting_table":1,"minecraft:carrot":124,"minecraft:spruce_fence":80,"minecraft:spruce_boat":1,"minecraft:diamond_pickaxe":126,"minecraft:lava_bucket":3,"minecraft:oxeye_daisy":1,"minecraft:diamond_shovel":303,"minecraft:spruce_trapdoor":1,"minecraft:barrel":5,"minecraft:diamond_sword":69,"minecraft:cobblestone":109,"minecraft:golden_carrot":24,"minecraft:stripped_oak_wood":5,"minecraft:andesite":2,"minecraft:bucket":60,"minecraft:chain":5,"minecraft:egg":1,"minecraft:potato":8,"minecraft:dandelion":1,"minecraft:bone_meal":48}},"DataVersion":3465}