{"stats":{"minecraft:mined":{"minecraft:cobblestone":4,"minecraft:stone":1},"minecraft:killed":{"minecraft:spider":1,"minecraft:creeper":1},"minecraft:custom":{"minecraft:time_since_rest":5705,"minecraft:open_chest":5,"minecraft:crouch_one_cm":121,"minecraft:play_time":5705,"minecraft:sprint_one_cm":30287,"minecraft:damage_taken":70,"minecraft:walk_one_cm":8113,"minecraft:sneak_time":40,"minecraft:walk_under_water_one_cm":807,"minecraft:mob_kills":2,"minecraft:jump":240,"minecraft:damage_dealt":390,"minecraft:leave_game":1,"minecraft:walk_on_water_one_cm":529,"minecraft:time_since_death":5705,"minecraft:total_world_time":5705,"minecraft:fall_one_cm":3421,"minecraft:fly_one_cm":42738},"minecraft:picked_up":{"minecraft:gunpowder":1,"minecraft:spider_eye":1,"minecraft:string":548,"minecraft:cobblestone":5},"minecraft:used":{"minecraft:water_bucket":3,"minecraft:diamond_sword":5,"minecraft:diamond_pickaxe":5,"minecraft:golden_carrot":1,"minecraft:cobblestone":4,"minecraft:bucket":4,"minecraft:andesite":2}},"DataVersion":3465}