{"stats":{"minecraft:crafted":{"minecraft:emerald":133,"minecraft:chain":1,"minecraft:chest":3,"minecraft:air":0},"minecraft:mined":{"minecraft:chain":1,"minecraft:spruce_planks":5,"minecraft:spruce_trapdoor":2,"minecraft:grass":2,"minecraft:grass_block":16,"minecraft:chest":4,"minecraft:dirt":19,"minecraft:cobblestone":48,"minecraft:stone":1,"minecraft:hopper":13},"minecraft:killed":{"minecraft:spider":1,"minecraft:creeper":2},"minecraft:custom":{"minecraft:time_since_rest":10534,"minecraft:sprint_one_cm":125554,"minecraft:damage_taken":220,"minecraft:walk_one_cm":48091,"minecraft:mob_kills":3,"minecraft:drop":4,"minecraft:inspect_hopper":1,"minecraft:damage_dealt":590,"minecraft:traded_with_villager":133,"minecraft:interact_with_crafting_table":2,"minecraft:swim_one_cm":355,"minecraft:talked_to_villager":17,"minecraft:fly_one_cm":153248,"minecraft:open_chest":36,"minecraft:crouch_one_cm":6344,"minecraft:play_time":29705,"minecraft:sneak_time":2607,"minecraft:walk_under_water_one_cm":1796,"minecraft:boat_one_cm":1890,"minecraft:jump":746,"minecraft:leave_game":1,"minecraft:time_since_death":29705,"minecraft:walk_on_water_one_cm":8606,"minecraft:sleep_in_bed":1,"minecraft:total_world_time":29705,"minecraft:fall_one_cm":14818},"minecraft:dropped":{"minecraft:string":44},"minecraft:picked_up":{"minecraft:stone_button":1,"minecraft:chain":1,"minecraft:gunpowder":3,"minecraft:string":1458,"minecraft:spider_eye":1,"minecraft:dirt":27,"minecraft:spruce_boat":1,"minecraft:spruce_planks":4,"minecraft:iron_ingot":42,"minecraft:chest":4,"minecraft:hopper":13,"minecraft:cobblestone":103},"minecraft:used":{"minecraft:spruce_boat":1,"minecraft:water_bucket":19,"minecraft:diamond_pickaxe":63,"minecraft:diamond_shovel":33,"minecraft:chest":4,"minecraft:spruce_planks":4,"minecraft:diamond_axe":11,"minecraft:dirt":12,"minecraft:diamond_sword":8,"minecraft:cobblestone":33,"minecraft:golden_carrot":5,"minecraft:hopper":12,"minecraft:andesite":2,"minecraft:bucket":20,"minecraft:chain":2}},"DataVersion":3465}