{"stats":{"minecraft:crafted":{"minecraft:emerald":72,"minecraft:chain":1,"minecraft:air":0},"minecraft:mined":{"minecraft:chain":1,"minecraft:spruce_planks":4,"minecraft:grass":1,"minecraft:grass_block":16,"minecraft:chest":2,"minecraft:dirt":19,"minecraft:cobblestone":5,"minecraft:stone":1,"minecraft:hopper":11},"minecraft:killed":{"minecraft:spider":1,"minecraft:creeper":1},"minecraft:custom":{"minecraft:time_since_rest":17705,"minecraft:sprint_one_cm":84804,"minecraft:damage_taken":150,"minecraft:walk_one_cm":26297,"minecraft:mob_kills":2,"minecraft:drop":2,"minecraft:inspect_hopper":1,"minecraft:damage_dealt":390,"minecraft:traded_with_villager":72,"minecraft:interact_with_crafting_table":1,"minecraft:swim_one_cm":355,"minecraft:talked_to_villager":10,"minecraft:fly_one_cm":108922,"minecraft:open_chest":20,"minecraft:crouch_one_cm":2922,"minecraft:play_time":17705,"minecraft:sneak_time":1053,"minecraft:walk_under_water_one_cm":1583,"minecraft:boat_one_cm":1890,"minecraft:jump":494,"minecraft:leave_game":1,"minecraft:time_since_death":17705,"minecraft:walk_on_water_one_cm":8372,"minecraft:total_world_time":17705,"minecraft:fall_one_cm":7970},"minecraft:dropped":{"minecraft:string":27},"minecraft:picked_up":{"minecraft:chain":1,"minecraft:gunpowder":1,"minecraft:string":1190,"minecraft:spider_eye":1,"minecraft:dirt":27,"minecraft:spruce_boat":1,"minecraft:spruce_planks":4,"minecraft:chest":2,"minecraft:hopper":11,"minecraft:cobblestone":5},"minecraft:used":{"minecraft:spruce_boat":1,"minecraft:water_bucket":15,"minecraft:diamond_pickaxe":18,"minecraft:diamond_shovel":33,"minecraft:chest":2,"minecraft:spruce_planks":4,"minecraft:diamond_axe":6,"minecraft:dirt":11,"minecraft:diamond_sword":6,"minecraft:cobblestone":5,"minecraft:golden_carrot":3,"minecraft:hopper":10,"minecraft:andesite":2,"minecraft:bucket":16,"minecraft:chain":2}},"DataVersion":3465}