{"stats":{"minecraft:mined":{"minecraft:spruce_planks":7},"minecraft:killed":{"minecraft:skeleton":1,"minecraft:pillager":5,"minecraft:zombie":1,"minecraft:pig":1,"minecraft:creeper":1},"minecraft:custom":{"minecraft:open_chest":2,"minecraft:time_since_rest":10707,"minecraft:crouch_one_cm":67398,"minecraft:play_time":94199,"minecraft:sprint_one_cm":103195,"minecraft:damage_taken":93,"minecraft:walk_one_cm":244964,"minecraft:sneak_time":13951,"minecraft:trigger_trapped_chest":3,"minecraft:mob_kills":9,"minecraft:drop":21,"minecraft:jump":1012,"minecraft:damage_dealt":1580,"minecraft:leave_game":6,"minecraft:time_since_death":94199,"minecraft:sleep_in_bed":1,"minecraft:total_world_time":94199,"minecraft:fly_one_cm":556002,"minecraft:fall_one_cm":7845},"minecraft:dropped":{"minecraft:cobblestone":80,"minecraft:iron_ingot":42,"minecraft:arrow":2,"minecraft:spruce_planks":1,"minecraft:bone":1},"minecraft:picked_up":{"minecraft:white_banner":1,"minecraft:arrow":2,"minecraft:bone":1,"minecraft:spruce_planks":8,"minecraft:porkchop":3,"minecraft:gunpowder":1,"minecraft:cobblestone":14},"minecraft:used":{"minecraft:diamond_sword":26,"minecraft:golden_carrot":2,"minecraft:cobblestone":4803,"minecraft:iron_axe":7,"minecraft:trapped_chest":2,"minecraft:spruce_planks":1818,"minecraft:cooked_beef":2}},"DataVersion":3465}