{"stats":{"minecraft:mined":{"minecraft:spruce_planks":7},"minecraft:killed":{"minecraft:pillager":5,"minecraft:zombie":1,"minecraft:creeper":1},"minecraft:custom":{"minecraft:open_chest":1,"minecraft:time_since_rest":82026,"minecraft:crouch_one_cm":60549,"minecraft:sprint_one_cm":75777,"minecraft:play_time":82026,"minecraft:damage_taken":35,"minecraft:walk_one_cm":211950,"minecraft:sneak_time":12755,"minecraft:trigger_trapped_chest":3,"minecraft:mob_kills":7,"minecraft:drop":15,"minecraft:jump":663,"minecraft:damage_dealt":1280,"minecraft:leave_game":4,"minecraft:time_since_death":82026,"minecraft:total_world_time":82026,"minecraft:fall_one_cm":1854,"minecraft:fly_one_cm":497074},"minecraft:dropped":{"minecraft:cobblestone":14,"minecraft:spruce_planks":1},"minecraft:picked_up":{"minecraft:white_banner":1,"minecraft:spruce_planks":8,"minecraft:gunpowder":1,"minecraft:cobblestone":12},"minecraft:used":{"minecraft:diamond_sword":21,"minecraft:cobblestone":4447,"minecraft:iron_axe":7,"minecraft:trapped_chest":2,"minecraft:spruce_planks":1818,"minecraft:cooked_beef":2}},"DataVersion":3465}