{"stats":{"minecraft:mined":{"minecraft:spruce_planks":8,"minecraft:cobblestone":85},"minecraft:killed":{"minecraft:sheep":1,"minecraft:skeleton":1,"minecraft:pillager":5,"minecraft:zombie":1,"minecraft:pig":1,"minecraft:creeper":1},"minecraft:custom":{"minecraft:time_since_rest":6471,"minecraft:sprint_one_cm":162974,"minecraft:damage_taken":593,"minecraft:walk_one_cm":338446,"minecraft:trigger_trapped_chest":6,"minecraft:mob_kills":10,"minecraft:drop":22,"minecraft:damage_dealt":1660,"minecraft:swim_one_cm":3961,"minecraft:fly_one_cm":689535,"minecraft:open_chest":2,"minecraft:crouch_one_cm":114535,"minecraft:play_time":134354,"minecraft:deaths":1,"minecraft:sneak_time":22695,"minecraft:walk_under_water_one_cm":907,"minecraft:jump":1904,"minecraft:leave_game":7,"minecraft:time_since_death":6367,"minecraft:walk_on_water_one_cm":5271,"minecraft:sleep_in_bed":1,"minecraft:total_world_time":134354,"minecraft:fall_one_cm":19897},"minecraft:dropped":{"minecraft:iron_ingot":42,"minecraft:spruce_planks":1,"minecraft:cobblestone":81,"minecraft:arrow":2,"minecraft:bone":1},"minecraft:picked_up":{"minecraft:stick":64,"minecraft:raw_iron":110,"minecraft:golden_carrot":60,"minecraft:acacia_log":11,"minecraft:diamond_sword":1,"minecraft:porkchop":6,"minecraft:tuff":2,"minecraft:oak_log":10,"minecraft:gunpowder":3,"minecraft:dirt":6,"minecraft:white_banner":1,"minecraft:iron_axe":1,"minecraft:iron_leggings":1,"minecraft:iron_shovel":1,"minecraft:bone":1,"minecraft:arrow":2,"minecraft:diamond_chestplate":1,"minecraft:diamond":14,"minecraft:raw_gold":9,"minecraft:spruce_planks":10,"minecraft:iron_helmet":1,"minecraft:golden_apple":1,"minecraft:iron_pickaxe":1,"minecraft:mutton":2,"minecraft:iron_sword":1,"minecraft:white_wool":1,"minecraft:iron_boots":1,"minecraft:cobblestone":134,"minecraft:diamond_pickaxe":1},"minecraft:used":{"minecraft:diamond_pickaxe":85,"minecraft:iron_axe":8,"minecraft:spruce_planks":1818,"minecraft:diamond_sword":27,"minecraft:cobblestone":7299,"minecraft:golden_carrot":4,"minecraft:trapped_chest":2,"minecraft:cooked_beef":2}},"DataVersion":3465}