{"stats":{"minecraft:mined":{"minecraft:spruce_planks":8,"minecraft:cobblestone":79},"minecraft:killed":{"minecraft:skeleton":1,"minecraft:pillager":5,"minecraft:zombie":1,"minecraft:pig":1,"minecraft:creeper":1},"minecraft:custom":{"minecraft:open_chest":2,"minecraft:time_since_rest":38333,"minecraft:crouch_one_cm":95726,"minecraft:play_time":121825,"minecraft:sprint_one_cm":145507,"minecraft:damage_taken":93,"minecraft:walk_one_cm":312682,"minecraft:sneak_time":19227,"minecraft:trigger_trapped_chest":6,"minecraft:mob_kills":9,"minecraft:drop":21,"minecraft:jump":1620,"minecraft:damage_dealt":1580,"minecraft:leave_game":6,"minecraft:walk_on_water_one_cm":3513,"minecraft:time_since_death":121825,"minecraft:sleep_in_bed":1,"minecraft:total_world_time":121825,"minecraft:fly_one_cm":643838,"minecraft:fall_one_cm":10707,"minecraft:walk_under_water_one_cm":598},"minecraft:dropped":{"minecraft:cobblestone":80,"minecraft:iron_ingot":42,"minecraft:arrow":2,"minecraft:spruce_planks":1,"minecraft:bone":1},"minecraft:picked_up":{"minecraft:white_banner":1,"minecraft:arrow":2,"minecraft:bone":1,"minecraft:spruce_planks":9,"minecraft:porkchop":3,"minecraft:gunpowder":1,"minecraft:cobblestone":87},"minecraft:used":{"minecraft:diamond_pickaxe":79,"minecraft:diamond_sword":26,"minecraft:golden_carrot":3,"minecraft:cobblestone":6399,"minecraft:iron_axe":8,"minecraft:trapped_chest":2,"minecraft:spruce_planks":1818,"minecraft:cooked_beef":2}},"DataVersion":3465}