{"stats":{"minecraft:mined":{"minecraft:spruce_planks":8,"minecraft:cobblestone":20},"minecraft:killed":{"minecraft:skeleton":1,"minecraft:pillager":5,"minecraft:zombie":1,"minecraft:pig":1,"minecraft:creeper":1},"minecraft:custom":{"minecraft:open_chest":2,"minecraft:time_since_rest":26333,"minecraft:crouch_one_cm":89673,"minecraft:play_time":109825,"minecraft:sprint_one_cm":114914,"minecraft:damage_taken":93,"minecraft:walk_one_cm":283270,"minecraft:sneak_time":18000,"minecraft:trigger_trapped_chest":5,"minecraft:mob_kills":9,"minecraft:drop":21,"minecraft:jump":1335,"minecraft:damage_dealt":1580,"minecraft:leave_game":6,"minecraft:walk_on_water_one_cm":3116,"minecraft:time_since_death":109825,"minecraft:sleep_in_bed":1,"minecraft:total_world_time":109825,"minecraft:fly_one_cm":587215,"minecraft:fall_one_cm":8648},"minecraft:dropped":{"minecraft:cobblestone":80,"minecraft:iron_ingot":42,"minecraft:arrow":2,"minecraft:spruce_planks":1,"minecraft:bone":1},"minecraft:picked_up":{"minecraft:white_banner":1,"minecraft:arrow":2,"minecraft:bone":1,"minecraft:spruce_planks":9,"minecraft:porkchop":3,"minecraft:gunpowder":1,"minecraft:cobblestone":36},"minecraft:used":{"minecraft:diamond_pickaxe":20,"minecraft:diamond_sword":26,"minecraft:golden_carrot":2,"minecraft:cobblestone":6076,"minecraft:iron_axe":8,"minecraft:trapped_chest":2,"minecraft:spruce_planks":1818,"minecraft:cooked_beef":2}},"DataVersion":3465}