{"stats":{"minecraft:mined":{"minecraft:spruce_planks":1},"minecraft:killed":{"minecraft:pillager":5,"minecraft:zombie":1,"minecraft:creeper":1},"minecraft:custom":{"minecraft:time_since_rest":70026,"minecraft:crouch_one_cm":43547,"minecraft:sprint_one_cm":54979,"minecraft:play_time":70026,"minecraft:damage_taken":15,"minecraft:walk_one_cm":186156,"minecraft:sneak_time":9786,"minecraft:trigger_trapped_chest":1,"minecraft:mob_kills":7,"minecraft:drop":15,"minecraft:jump":517,"minecraft:damage_dealt":1280,"minecraft:leave_game":4,"minecraft:time_since_death":70026,"minecraft:total_world_time":70026,"minecraft:fly_one_cm":463774},"minecraft:dropped":{"minecraft:cobblestone":14,"minecraft:spruce_planks":1},"minecraft:picked_up":{"minecraft:white_banner":1,"minecraft:spruce_planks":2,"minecraft:gunpowder":1,"minecraft:cobblestone":12},"minecraft:used":{"minecraft:diamond_sword":21,"minecraft:cobblestone":4301,"minecraft:iron_axe":1,"minecraft:trapped_chest":2,"minecraft:spruce_planks":1460,"minecraft:cooked_beef":1}},"DataVersion":3465}